INSERT INTO domaene (id, kode, sidst_modificeret, sidst_modificeret_af) VALUES (1, 'Trifork', '2025-03-24 13:08:28', 'Lars Larsen');

INSERT INTO linked_system (id, kode, sidst_modificeret, sidst_modificeret_af, domaene_id, beskrivelse) VALUES (1, 'DDV', '2025-03-24 13:08:28', 'Lars Larsen', 1, 'Det Danske Vaccinationsregister');
INSERT INTO linked_system (id, kode, sidst_modificeret, sidst_modificeret_af, domaene_id, beskrivelse) VALUES (2, 'FMK', '2025-03-24 13:08:32', 'Lars Larsen', 1, 'Det Fælles Medicinkort');
INSERT INTO linked_system (id, kode, sidst_modificeret, sidst_modificeret_af, domaene_id, beskrivelse) VALUES (3, 'TAS', '2025-03-24 13:08:34', 'Lars Larsen', 1, 'Tilskudsansøgningsservicen');

INSERT INTO arbejdsfunktion (id, linked_system_id, kode, beskrivelse, sidst_modificeret, sidst_modificeret_af, uddannelseskoder) VALUES (1, 1, 'Læge', 'Læge', '2025-03-24 13:08:28', 'Lars Larsen', null);
INSERT INTO arbejdsfunktion (id, linked_system_id, kode, beskrivelse, sidst_modificeret, sidst_modificeret_af, uddannelseskoder) VALUES (2, 1, 'Tandlæge', 'Tandlæge', '2025-03-24 13:08:28', 'Lars Larsen', null);
INSERT INTO arbejdsfunktion (id, linked_system_id, kode, beskrivelse, sidst_modificeret, sidst_modificeret_af, uddannelseskoder) VALUES (3, 1, 'Sygeplejerske', 'Sygeplejerske', '2025-03-24 13:08:28', 'Lars Larsen', null);
INSERT INTO arbejdsfunktion (id, linked_system_id, kode, beskrivelse, sidst_modificeret, sidst_modificeret_af, uddannelseskoder) VALUES (4, 2, 'Læge', 'Læge', '2025-03-24 13:08:32', 'Lars Larsen', null);
INSERT INTO arbejdsfunktion (id, linked_system_id, kode, beskrivelse, sidst_modificeret, sidst_modificeret_af, uddannelseskoder) VALUES (5, 2, 'Tandlæge', 'Tandlæge', '2025-03-24 13:08:32', 'Lars Larsen', null);
INSERT INTO arbejdsfunktion (id, linked_system_id, kode, beskrivelse, sidst_modificeret, sidst_modificeret_af, uddannelseskoder) VALUES (6, 2, 'Jordemoder', 'Jordemoder', '2025-03-24 13:08:32', 'Lars Larsen', null);
INSERT INTO arbejdsfunktion (id, linked_system_id, kode, beskrivelse, sidst_modificeret, sidst_modificeret_af, uddannelseskoder) VALUES (7, 2, 'Sygeplejerske', 'Sygeplejerske', '2025-03-24 13:08:32', 'Lars Larsen', null);
INSERT INTO arbejdsfunktion (id, linked_system_id, kode, beskrivelse, sidst_modificeret, sidst_modificeret_af, uddannelseskoder) VALUES (8, 2, 'Social- og sundhedsassistent', 'Social- og sundhedsassistent', '2025-03-24 13:08:32', 'Lars Larsen', null);
INSERT INTO arbejdsfunktion (id, linked_system_id, kode, beskrivelse, sidst_modificeret, sidst_modificeret_af, uddannelseskoder) VALUES (9, 2, 'Social- og sundhedshjælper', 'Social- og sundhedshjælper', '2025-03-24 13:08:32', 'Lars Larsen', null);
INSERT INTO arbejdsfunktion (id, linked_system_id, kode, beskrivelse, sidst_modificeret, sidst_modificeret_af, uddannelseskoder) VALUES (10, 2, 'Sundhedsplejerske', 'Sundhedsplejerske', '2025-03-24 13:08:32', 'Lars Larsen', null);
INSERT INTO arbejdsfunktion (id, linked_system_id, kode, beskrivelse, sidst_modificeret, sidst_modificeret_af, uddannelseskoder) VALUES (11, 2, 'Farmaceut', 'Farmaceut', '2025-03-24 13:08:32', 'Lars Larsen', null);
INSERT INTO arbejdsfunktion (id, linked_system_id, kode, beskrivelse, sidst_modificeret, sidst_modificeret_af, uddannelseskoder) VALUES (12, 2, 'Farmakonom', 'Farmakonom', '2025-03-24 13:08:32', 'Lars Larsen', null);
INSERT INTO arbejdsfunktion (id, linked_system_id, kode, beskrivelse, sidst_modificeret, sidst_modificeret_af, uddannelseskoder) VALUES (13, 2, 'Assistent for Læge', 'Assistent for Læge', '2025-03-24 13:08:32', 'Lars Larsen', null);
INSERT INTO arbejdsfunktion (id, linked_system_id, kode, beskrivelse, sidst_modificeret, sidst_modificeret_af, uddannelseskoder) VALUES (14, 2, 'Assistent for Tandlæge', 'Assistent for Tandlæge', '2025-03-24 13:08:32', 'Lars Larsen', null);
INSERT INTO arbejdsfunktion (id, linked_system_id, kode, beskrivelse, sidst_modificeret, sidst_modificeret_af, uddannelseskoder) VALUES (15, 2, 'Assistent for Jordemoder', 'Assistent for Jordemoder', '2025-03-24 13:08:32', 'Lars Larsen', null);
INSERT INTO arbejdsfunktion (id, linked_system_id, kode, beskrivelse, sidst_modificeret, sidst_modificeret_af, uddannelseskoder) VALUES (16, 2, 'Assistent for Sygeplejer', 'Assistent for Sygeplejer', '2025-03-24 13:08:32', 'Lars Larsen', null);
INSERT INTO arbejdsfunktion (id, linked_system_id, kode, beskrivelse, sidst_modificeret, sidst_modificeret_af, uddannelseskoder) VALUES (17, 2, 'Assistent for Social- og sundhedsassistent', 'Assistent for Social- og sundhedsassistent', '2025-03-24 13:08:32', 'Lars Larsen', null);
INSERT INTO arbejdsfunktion (id, linked_system_id, kode, beskrivelse, sidst_modificeret, sidst_modificeret_af, uddannelseskoder) VALUES (18, 2, 'Borger', 'Borger', '2025-03-24 13:08:32', 'Lars Larsen', null);
INSERT INTO arbejdsfunktion (id, linked_system_id, kode, beskrivelse, sidst_modificeret, sidst_modificeret_af, uddannelseskoder) VALUES (19, 2, 'Forældermyndighed', 'Forældermyndighed', '2025-03-24 13:08:32', 'Lars Larsen', null);
INSERT INTO arbejdsfunktion (id, linked_system_id, kode, beskrivelse, sidst_modificeret, sidst_modificeret_af, uddannelseskoder) VALUES (20, 2, 'Værge', 'Værge', '2025-03-24 13:08:32', 'Lars Larsen', null);
INSERT INTO arbejdsfunktion (id, linked_system_id, kode, beskrivelse, sidst_modificeret, sidst_modificeret_af, uddannelseskoder) VALUES (21, 2, 'Web administrator', 'Web administrator', '2025-03-24 13:08:32', 'Lars Larsen', null);
INSERT INTO arbejdsfunktion (id, linked_system_id, kode, beskrivelse, sidst_modificeret, sidst_modificeret_af, uddannelseskoder) VALUES (22, 2, 'Apoteker', 'Apoteker', '2025-03-24 13:08:32', 'Lars Larsen', null);
INSERT INTO arbejdsfunktion (id, linked_system_id, kode, beskrivelse, sidst_modificeret, sidst_modificeret_af, uddannelseskoder) VALUES (23, 3, 'Læge', 'Læge', '2025-03-24 13:08:34', 'Lars Larsen', null);
INSERT INTO arbejdsfunktion (id, linked_system_id, kode, beskrivelse, sidst_modificeret, sidst_modificeret_af, uddannelseskoder) VALUES (24, 3, 'Tandlæge', 'Tandlæge', '2025-03-24 13:08:34', 'Lars Larsen', null);
INSERT INTO arbejdsfunktion (id, linked_system_id, kode, beskrivelse, sidst_modificeret, sidst_modificeret_af, uddannelseskoder) VALUES (25, 3, 'Sygeplejerske', 'Sygeplejerske', '2025-03-24 13:08:34', 'Lars Larsen', null);

INSERT INTO rettighed (id, linked_system_id, kode, beskrivelse, sidst_modificeret, sidst_modificeret_af) VALUES (1, 1, 'SeVaccinationer', 'Se Vaccinationer', '2025-03-24 13:08:28', 'Lars Larsen');
INSERT INTO rettighed (id, linked_system_id, kode, beskrivelse, sidst_modificeret, sidst_modificeret_af) VALUES (2, 1, 'VaccinationVedligehold', 'Opret, ret eller slet vaccinationer', '2025-03-24 13:08:28', 'Lars Larsen');
INSERT INTO rettighed (id, linked_system_id, kode, beskrivelse, sidst_modificeret, sidst_modificeret_af) VALUES (3, 1, 'VaccinationVedligeholdAnbefalet', 'Opret, ret eller slet anbefalede vaccinationer', '2025-03-24 13:08:28', 'Lars Larsen');
INSERT INTO rettighed (id, linked_system_id, kode, beskrivelse, sidst_modificeret, sidst_modificeret_af) VALUES (4, 1, 'VaccinationGodkend', 'Godkend Vaccinationer', '2025-03-24 13:08:28', 'Lars Larsen');
INSERT INTO rettighed (id, linked_system_id, kode, beskrivelse, sidst_modificeret, sidst_modificeret_af) VALUES (5, 1, 'NogetIngenHar', 'En rettighed ingen kan delegere', '2025-03-24 13:08:28', 'Lars Larsen');
INSERT INTO rettighed (id, linked_system_id, kode, beskrivelse, sidst_modificeret, sidst_modificeret_af) VALUES (6, 1, '*', 'Alle delegerbare rettigheder (inkl. fremtidige)', '2025-03-24 13:08:28', 'Lars Larsen');
INSERT INTO rettighed (id, linked_system_id, kode, beskrivelse, sidst_modificeret, sidst_modificeret_af) VALUES (7, 2, 'BorgerOpslag', 'Borger opslag', '2025-03-24 13:08:32', 'Lars Larsen');
INSERT INTO rettighed (id, linked_system_id, kode, beskrivelse, sidst_modificeret, sidst_modificeret_af) VALUES (8, 2, 'SundhedsfagligOpslag', 'Sundhedsfagligt opslag', '2025-03-24 13:08:32', 'Lars Larsen');
INSERT INTO rettighed (id, linked_system_id, kode, beskrivelse, sidst_modificeret, sidst_modificeret_af) VALUES (9, 2, 'Recept', 'Opret eller annuller recept', '2025-03-24 13:08:32', 'Lars Larsen');
INSERT INTO rettighed (id, linked_system_id, kode, beskrivelse, sidst_modificeret, sidst_modificeret_af) VALUES (10, 2, 'Lægemiddelordination', 'Opret, ret eller seponer lægemiddelordination', '2025-03-24 13:08:32', 'Lars Larsen');
INSERT INTO rettighed (id, linked_system_id, kode, beskrivelse, sidst_modificeret, sidst_modificeret_af) VALUES (11, 2, 'Effektuering', 'Opret, ret eller slet effektuering (indgivelse/udlevering af et lægemiddel)', '2025-03-24 13:08:32', 'Lars Larsen');
INSERT INTO rettighed (id, linked_system_id, kode, beskrivelse, sidst_modificeret, sidst_modificeret_af) VALUES (12, 2, 'Privatmarkering', 'Sæt/fjern privatmarkering', '2025-03-24 13:08:32', 'Lars Larsen');
INSERT INTO rettighed (id, linked_system_id, kode, beskrivelse, sidst_modificeret, sidst_modificeret_af) VALUES (13, 2, 'VisPrivatmarkeretVærdispring', 'Vis privatmarkeret med værdispring', '2025-03-24 13:08:32', 'Lars Larsen');
INSERT INTO rettighed (id, linked_system_id, kode, beskrivelse, sidst_modificeret, sidst_modificeret_af) VALUES (14, 2, 'VisPrivatmarkeretSamtykke', 'Vis privatmarkeret med samtykke', '2025-03-24 13:08:32', 'Lars Larsen');
INSERT INTO rettighed (id, linked_system_id, kode, beskrivelse, sidst_modificeret, sidst_modificeret_af) VALUES (15, 2, 'Suspendering', 'Indlæg/udskriv via FMK-snitflade 1.4.0', '2025-03-24 13:08:32', 'Lars Larsen');
INSERT INTO rettighed (id, linked_system_id, kode, beskrivelse, sidst_modificeret, sidst_modificeret_af) VALUES (16, 2, 'Afstemning', 'Sæt markering for ajourføring', '2025-03-24 13:08:32', 'Lars Larsen');
INSERT INTO rettighed (id, linked_system_id, kode, beskrivelse, sidst_modificeret, sidst_modificeret_af) VALUES (17, 2, 'LøsRecept', 'Ændring af status for løs recept (Opret ordination på baggrund af løs recept eller marker løs recept ”ikke aktuel”)', '2025-03-24 13:08:32', 'Lars Larsen');
INSERT INTO rettighed (id, linked_system_id, kode, beskrivelse, sidst_modificeret, sidst_modificeret_af) VALUES (18, 2, 'BestilEffektuering', 'Bestil udlevering eller ny recept', '2025-03-24 13:08:32', 'Lars Larsen');
INSERT INTO rettighed (id, linked_system_id, kode, beskrivelse, sidst_modificeret, sidst_modificeret_af) VALUES (19, 2, 'Tilknytning', 'Opret tilknytning til medicinadministration og Indlæg/udskriv fra FMK 1.4.2 og 1.4.4', '2025-03-24 13:08:32', 'Lars Larsen');
INSERT INTO rettighed (id, linked_system_id, kode, beskrivelse, sidst_modificeret, sidst_modificeret_af) VALUES (20, 2, 'RegistrerKliniskStamdata', 'Registrer klinisk stamdata', '2025-03-24 13:08:32', 'Lars Larsen');
INSERT INTO rettighed (id, linked_system_id, kode, beskrivelse, sidst_modificeret, sidst_modificeret_af) VALUES (21, 2, '*', 'Alle delegerbare rettigheder (inkl. fremtidige)', '2025-03-24 13:08:32', 'Lars Larsen');
INSERT INTO rettighed (id, linked_system_id, kode, beskrivelse, sidst_modificeret, sidst_modificeret_af) VALUES (22, 3, 'LæsKladder', 'Vise kladder for tilskudsansøgninger', '2025-03-24 13:08:34', 'Lars Larsen');
INSERT INTO rettighed (id, linked_system_id, kode, beskrivelse, sidst_modificeret, sidst_modificeret_af) VALUES (23, 3, 'SkrivKladder', 'Rette og slette kladder for tilskudsansøgninger', '2025-03-24 13:08:34', 'Lars Larsen');
INSERT INTO rettighed (id, linked_system_id, kode, beskrivelse, sidst_modificeret, sidst_modificeret_af) VALUES (24, 3, 'LæsSager', 'Vise indsendte tilskudsansøgninger', '2025-03-24 13:08:34', 'Lars Larsen');
INSERT INTO rettighed (id, linked_system_id, kode, beskrivelse, sidst_modificeret, sidst_modificeret_af) VALUES (25, 3, 'SkrivSager', 'Indsende tilskudsansøgninger og YO-svar', '2025-03-24 13:08:34', 'Lars Larsen');
INSERT INTO rettighed (id, linked_system_id, kode, beskrivelse, sidst_modificeret, sidst_modificeret_af) VALUES (26, 3, '*', 'Alle delegerbare rettigheder (inkl. fremtidige)', '2025-03-24 13:08:34', 'Lars Larsen');

INSERT INTO delegerbar_rettighed (id, arbejdsfunktion_id, rettighedskode_id, sidst_modificeret, sidst_modificeret_af, delegerbar) VALUES (1, 1, 1, '2025-03-24 13:08:28', 'Lars Larsen', 1);
INSERT INTO delegerbar_rettighed (id, arbejdsfunktion_id, rettighedskode_id, sidst_modificeret, sidst_modificeret_af, delegerbar) VALUES (2, 1, 2, '2025-03-24 13:08:28', 'Lars Larsen', 1);
INSERT INTO delegerbar_rettighed (id, arbejdsfunktion_id, rettighedskode_id, sidst_modificeret, sidst_modificeret_af, delegerbar) VALUES (3, 1, 3, '2025-03-24 13:08:28', 'Lars Larsen', 1);
INSERT INTO delegerbar_rettighed (id, arbejdsfunktion_id, rettighedskode_id, sidst_modificeret, sidst_modificeret_af, delegerbar) VALUES (4, 2, 1, '2025-03-24 13:08:28', 'Lars Larsen', 1);
INSERT INTO delegerbar_rettighed (id, arbejdsfunktion_id, rettighedskode_id, sidst_modificeret, sidst_modificeret_af, delegerbar) VALUES (5, 2, 2, '2025-03-24 13:08:28', 'Lars Larsen', 1);
INSERT INTO delegerbar_rettighed (id, arbejdsfunktion_id, rettighedskode_id, sidst_modificeret, sidst_modificeret_af, delegerbar) VALUES (6, 2, 3, '2025-03-24 13:08:28', 'Lars Larsen', 1);
INSERT INTO delegerbar_rettighed (id, arbejdsfunktion_id, rettighedskode_id, sidst_modificeret, sidst_modificeret_af, delegerbar) VALUES (7, 3, 1, '2025-03-24 13:08:28', 'Lars Larsen', 1);
INSERT INTO delegerbar_rettighed (id, arbejdsfunktion_id, rettighedskode_id, sidst_modificeret, sidst_modificeret_af, delegerbar) VALUES (8, 3, 4, '2025-03-24 13:08:28', 'Lars Larsen', 1);
INSERT INTO delegerbar_rettighed (id, arbejdsfunktion_id, rettighedskode_id, sidst_modificeret, sidst_modificeret_af, delegerbar) VALUES (9, 1, 6, '2025-03-24 13:08:28', 'Lars Larsen', 1);
INSERT INTO delegerbar_rettighed (id, arbejdsfunktion_id, rettighedskode_id, sidst_modificeret, sidst_modificeret_af, delegerbar) VALUES (10, 2, 6, '2025-03-24 13:08:28', 'Lars Larsen', 1);
INSERT INTO delegerbar_rettighed (id, arbejdsfunktion_id, rettighedskode_id, sidst_modificeret, sidst_modificeret_af, delegerbar) VALUES (11, 3, 6, '2025-03-24 13:08:28', 'Lars Larsen', 1);
INSERT INTO delegerbar_rettighed (id, arbejdsfunktion_id, rettighedskode_id, sidst_modificeret, sidst_modificeret_af, delegerbar) VALUES (12, 4, 8, '2025-03-24 13:08:32', 'Lars Larsen', 1);
INSERT INTO delegerbar_rettighed (id, arbejdsfunktion_id, rettighedskode_id, sidst_modificeret, sidst_modificeret_af, delegerbar) VALUES (13, 4, 10, '2025-03-24 13:08:32', 'Lars Larsen', 1);
INSERT INTO delegerbar_rettighed (id, arbejdsfunktion_id, rettighedskode_id, sidst_modificeret, sidst_modificeret_af, delegerbar) VALUES (14, 4, 11, '2025-03-24 13:08:32', 'Lars Larsen', 1);
INSERT INTO delegerbar_rettighed (id, arbejdsfunktion_id, rettighedskode_id, sidst_modificeret, sidst_modificeret_af, delegerbar) VALUES (15, 4, 12, '2025-03-24 13:08:32', 'Lars Larsen', 1);
INSERT INTO delegerbar_rettighed (id, arbejdsfunktion_id, rettighedskode_id, sidst_modificeret, sidst_modificeret_af, delegerbar) VALUES (16, 4, 13, '2025-03-24 13:08:32', 'Lars Larsen', 1);
INSERT INTO delegerbar_rettighed (id, arbejdsfunktion_id, rettighedskode_id, sidst_modificeret, sidst_modificeret_af, delegerbar) VALUES (17, 4, 14, '2025-03-24 13:08:32', 'Lars Larsen', 1);
INSERT INTO delegerbar_rettighed (id, arbejdsfunktion_id, rettighedskode_id, sidst_modificeret, sidst_modificeret_af, delegerbar) VALUES (18, 4, 15, '2025-03-24 13:08:32', 'Lars Larsen', 1);
INSERT INTO delegerbar_rettighed (id, arbejdsfunktion_id, rettighedskode_id, sidst_modificeret, sidst_modificeret_af, delegerbar) VALUES (19, 4, 16, '2025-03-24 13:08:32', 'Lars Larsen', 1);
INSERT INTO delegerbar_rettighed (id, arbejdsfunktion_id, rettighedskode_id, sidst_modificeret, sidst_modificeret_af, delegerbar) VALUES (20, 4, 17, '2025-03-24 13:08:32', 'Lars Larsen', 1);
INSERT INTO delegerbar_rettighed (id, arbejdsfunktion_id, rettighedskode_id, sidst_modificeret, sidst_modificeret_af, delegerbar) VALUES (21, 4, 18, '2025-03-24 13:08:32', 'Lars Larsen', 1);
INSERT INTO delegerbar_rettighed (id, arbejdsfunktion_id, rettighedskode_id, sidst_modificeret, sidst_modificeret_af, delegerbar) VALUES (22, 4, 19, '2025-03-24 13:08:32', 'Lars Larsen', 1);
INSERT INTO delegerbar_rettighed (id, arbejdsfunktion_id, rettighedskode_id, sidst_modificeret, sidst_modificeret_af, delegerbar) VALUES (23, 4, 20, '2025-03-24 13:08:32', 'Lars Larsen', 1);
INSERT INTO delegerbar_rettighed (id, arbejdsfunktion_id, rettighedskode_id, sidst_modificeret, sidst_modificeret_af, delegerbar) VALUES (24, 4, 9, '2025-03-24 13:08:32', 'Lars Larsen', 0);
INSERT INTO delegerbar_rettighed (id, arbejdsfunktion_id, rettighedskode_id, sidst_modificeret, sidst_modificeret_af, delegerbar) VALUES (25, 5, 8, '2025-03-24 13:08:32', 'Lars Larsen', 1);
INSERT INTO delegerbar_rettighed (id, arbejdsfunktion_id, rettighedskode_id, sidst_modificeret, sidst_modificeret_af, delegerbar) VALUES (26, 5, 10, '2025-03-24 13:08:32', 'Lars Larsen', 1);
INSERT INTO delegerbar_rettighed (id, arbejdsfunktion_id, rettighedskode_id, sidst_modificeret, sidst_modificeret_af, delegerbar) VALUES (27, 5, 11, '2025-03-24 13:08:32', 'Lars Larsen', 1);
INSERT INTO delegerbar_rettighed (id, arbejdsfunktion_id, rettighedskode_id, sidst_modificeret, sidst_modificeret_af, delegerbar) VALUES (28, 5, 12, '2025-03-24 13:08:32', 'Lars Larsen', 1);
INSERT INTO delegerbar_rettighed (id, arbejdsfunktion_id, rettighedskode_id, sidst_modificeret, sidst_modificeret_af, delegerbar) VALUES (29, 5, 13, '2025-03-24 13:08:32', 'Lars Larsen', 1);
INSERT INTO delegerbar_rettighed (id, arbejdsfunktion_id, rettighedskode_id, sidst_modificeret, sidst_modificeret_af, delegerbar) VALUES (30, 5, 14, '2025-03-24 13:08:32', 'Lars Larsen', 1);
INSERT INTO delegerbar_rettighed (id, arbejdsfunktion_id, rettighedskode_id, sidst_modificeret, sidst_modificeret_af, delegerbar) VALUES (31, 5, 15, '2025-03-24 13:08:32', 'Lars Larsen', 1);
INSERT INTO delegerbar_rettighed (id, arbejdsfunktion_id, rettighedskode_id, sidst_modificeret, sidst_modificeret_af, delegerbar) VALUES (32, 5, 16, '2025-03-24 13:08:32', 'Lars Larsen', 1);
INSERT INTO delegerbar_rettighed (id, arbejdsfunktion_id, rettighedskode_id, sidst_modificeret, sidst_modificeret_af, delegerbar) VALUES (33, 5, 17, '2025-03-24 13:08:32', 'Lars Larsen', 1);
INSERT INTO delegerbar_rettighed (id, arbejdsfunktion_id, rettighedskode_id, sidst_modificeret, sidst_modificeret_af, delegerbar) VALUES (34, 5, 18, '2025-03-24 13:08:32', 'Lars Larsen', 1);
INSERT INTO delegerbar_rettighed (id, arbejdsfunktion_id, rettighedskode_id, sidst_modificeret, sidst_modificeret_af, delegerbar) VALUES (35, 5, 19, '2025-03-24 13:08:32', 'Lars Larsen', 1);
INSERT INTO delegerbar_rettighed (id, arbejdsfunktion_id, rettighedskode_id, sidst_modificeret, sidst_modificeret_af, delegerbar) VALUES (36, 5, 9, '2025-03-24 13:08:32', 'Lars Larsen', 0);
INSERT INTO delegerbar_rettighed (id, arbejdsfunktion_id, rettighedskode_id, sidst_modificeret, sidst_modificeret_af, delegerbar) VALUES (37, 6, 8, '2025-03-24 13:08:32', 'Lars Larsen', 1);
INSERT INTO delegerbar_rettighed (id, arbejdsfunktion_id, rettighedskode_id, sidst_modificeret, sidst_modificeret_af, delegerbar) VALUES (38, 6, 11, '2025-03-24 13:08:32', 'Lars Larsen', 1);
INSERT INTO delegerbar_rettighed (id, arbejdsfunktion_id, rettighedskode_id, sidst_modificeret, sidst_modificeret_af, delegerbar) VALUES (39, 6, 12, '2025-03-24 13:08:32', 'Lars Larsen', 1);
INSERT INTO delegerbar_rettighed (id, arbejdsfunktion_id, rettighedskode_id, sidst_modificeret, sidst_modificeret_af, delegerbar) VALUES (40, 6, 13, '2025-03-24 13:08:32', 'Lars Larsen', 1);
INSERT INTO delegerbar_rettighed (id, arbejdsfunktion_id, rettighedskode_id, sidst_modificeret, sidst_modificeret_af, delegerbar) VALUES (41, 6, 14, '2025-03-24 13:08:32', 'Lars Larsen', 1);
INSERT INTO delegerbar_rettighed (id, arbejdsfunktion_id, rettighedskode_id, sidst_modificeret, sidst_modificeret_af, delegerbar) VALUES (42, 6, 15, '2025-03-24 13:08:32', 'Lars Larsen', 1);
INSERT INTO delegerbar_rettighed (id, arbejdsfunktion_id, rettighedskode_id, sidst_modificeret, sidst_modificeret_af, delegerbar) VALUES (43, 6, 18, '2025-03-24 13:08:32', 'Lars Larsen', 1);
INSERT INTO delegerbar_rettighed (id, arbejdsfunktion_id, rettighedskode_id, sidst_modificeret, sidst_modificeret_af, delegerbar) VALUES (44, 6, 19, '2025-03-24 13:08:32', 'Lars Larsen', 1);
INSERT INTO delegerbar_rettighed (id, arbejdsfunktion_id, rettighedskode_id, sidst_modificeret, sidst_modificeret_af, delegerbar) VALUES (45, 7, 8, '2025-03-24 13:08:32', 'Lars Larsen', 1);
INSERT INTO delegerbar_rettighed (id, arbejdsfunktion_id, rettighedskode_id, sidst_modificeret, sidst_modificeret_af, delegerbar) VALUES (46, 7, 11, '2025-03-24 13:08:32', 'Lars Larsen', 1);
INSERT INTO delegerbar_rettighed (id, arbejdsfunktion_id, rettighedskode_id, sidst_modificeret, sidst_modificeret_af, delegerbar) VALUES (47, 7, 12, '2025-03-24 13:08:32', 'Lars Larsen', 1);
INSERT INTO delegerbar_rettighed (id, arbejdsfunktion_id, rettighedskode_id, sidst_modificeret, sidst_modificeret_af, delegerbar) VALUES (48, 7, 13, '2025-03-24 13:08:32', 'Lars Larsen', 1);
INSERT INTO delegerbar_rettighed (id, arbejdsfunktion_id, rettighedskode_id, sidst_modificeret, sidst_modificeret_af, delegerbar) VALUES (49, 7, 14, '2025-03-24 13:08:32', 'Lars Larsen', 1);
INSERT INTO delegerbar_rettighed (id, arbejdsfunktion_id, rettighedskode_id, sidst_modificeret, sidst_modificeret_af, delegerbar) VALUES (50, 7, 15, '2025-03-24 13:08:32', 'Lars Larsen', 1);
INSERT INTO delegerbar_rettighed (id, arbejdsfunktion_id, rettighedskode_id, sidst_modificeret, sidst_modificeret_af, delegerbar) VALUES (51, 7, 18, '2025-03-24 13:08:32', 'Lars Larsen', 1);
INSERT INTO delegerbar_rettighed (id, arbejdsfunktion_id, rettighedskode_id, sidst_modificeret, sidst_modificeret_af, delegerbar) VALUES (52, 7, 19, '2025-03-24 13:08:32', 'Lars Larsen', 1);
INSERT INTO delegerbar_rettighed (id, arbejdsfunktion_id, rettighedskode_id, sidst_modificeret, sidst_modificeret_af, delegerbar) VALUES (53, 8, 8, '2025-03-24 13:08:32', 'Lars Larsen', 1);
INSERT INTO delegerbar_rettighed (id, arbejdsfunktion_id, rettighedskode_id, sidst_modificeret, sidst_modificeret_af, delegerbar) VALUES (54, 8, 11, '2025-03-24 13:08:32', 'Lars Larsen', 1);
INSERT INTO delegerbar_rettighed (id, arbejdsfunktion_id, rettighedskode_id, sidst_modificeret, sidst_modificeret_af, delegerbar) VALUES (55, 8, 12, '2025-03-24 13:08:32', 'Lars Larsen', 1);
INSERT INTO delegerbar_rettighed (id, arbejdsfunktion_id, rettighedskode_id, sidst_modificeret, sidst_modificeret_af, delegerbar) VALUES (56, 8, 13, '2025-03-24 13:08:32', 'Lars Larsen', 1);
INSERT INTO delegerbar_rettighed (id, arbejdsfunktion_id, rettighedskode_id, sidst_modificeret, sidst_modificeret_af, delegerbar) VALUES (57, 8, 14, '2025-03-24 13:08:32', 'Lars Larsen', 1);
INSERT INTO delegerbar_rettighed (id, arbejdsfunktion_id, rettighedskode_id, sidst_modificeret, sidst_modificeret_af, delegerbar) VALUES (58, 8, 15, '2025-03-24 13:08:32', 'Lars Larsen', 1);
INSERT INTO delegerbar_rettighed (id, arbejdsfunktion_id, rettighedskode_id, sidst_modificeret, sidst_modificeret_af, delegerbar) VALUES (59, 8, 18, '2025-03-24 13:08:32', 'Lars Larsen', 1);
INSERT INTO delegerbar_rettighed (id, arbejdsfunktion_id, rettighedskode_id, sidst_modificeret, sidst_modificeret_af, delegerbar) VALUES (60, 8, 19, '2025-03-24 13:08:32', 'Lars Larsen', 1);
INSERT INTO delegerbar_rettighed (id, arbejdsfunktion_id, rettighedskode_id, sidst_modificeret, sidst_modificeret_af, delegerbar) VALUES (61, 9, 12, '2025-03-24 13:08:32', 'Lars Larsen', 1);
INSERT INTO delegerbar_rettighed (id, arbejdsfunktion_id, rettighedskode_id, sidst_modificeret, sidst_modificeret_af, delegerbar) VALUES (62, 10, 12, '2025-03-24 13:08:32', 'Lars Larsen', 1);
INSERT INTO delegerbar_rettighed (id, arbejdsfunktion_id, rettighedskode_id, sidst_modificeret, sidst_modificeret_af, delegerbar) VALUES (63, 11, 12, '2025-03-24 13:08:32', 'Lars Larsen', 1);
INSERT INTO delegerbar_rettighed (id, arbejdsfunktion_id, rettighedskode_id, sidst_modificeret, sidst_modificeret_af, delegerbar) VALUES (64, 12, 12, '2025-03-24 13:08:32', 'Lars Larsen', 1);
INSERT INTO delegerbar_rettighed (id, arbejdsfunktion_id, rettighedskode_id, sidst_modificeret, sidst_modificeret_af, delegerbar) VALUES (65, 22, 8, '2025-03-24 13:08:32', 'Lars Larsen', 1);
INSERT INTO delegerbar_rettighed (id, arbejdsfunktion_id, rettighedskode_id, sidst_modificeret, sidst_modificeret_af, delegerbar) VALUES (66, 22, 12, '2025-03-24 13:08:32', 'Lars Larsen', 1);
INSERT INTO delegerbar_rettighed (id, arbejdsfunktion_id, rettighedskode_id, sidst_modificeret, sidst_modificeret_af, delegerbar) VALUES (67, 22, 14, '2025-03-24 13:08:32', 'Lars Larsen', 1);
INSERT INTO delegerbar_rettighed (id, arbejdsfunktion_id, rettighedskode_id, sidst_modificeret, sidst_modificeret_af, delegerbar) VALUES (68, 4, 21, '2025-03-24 13:08:32', 'Lars Larsen', 1);
INSERT INTO delegerbar_rettighed (id, arbejdsfunktion_id, rettighedskode_id, sidst_modificeret, sidst_modificeret_af, delegerbar) VALUES (69, 5, 21, '2025-03-24 13:08:32', 'Lars Larsen', 1);
INSERT INTO delegerbar_rettighed (id, arbejdsfunktion_id, rettighedskode_id, sidst_modificeret, sidst_modificeret_af, delegerbar) VALUES (70, 6, 21, '2025-03-24 13:08:32', 'Lars Larsen', 1);
INSERT INTO delegerbar_rettighed (id, arbejdsfunktion_id, rettighedskode_id, sidst_modificeret, sidst_modificeret_af, delegerbar) VALUES (71, 7, 21, '2025-03-24 13:08:32', 'Lars Larsen', 1);
INSERT INTO delegerbar_rettighed (id, arbejdsfunktion_id, rettighedskode_id, sidst_modificeret, sidst_modificeret_af, delegerbar) VALUES (72, 8, 21, '2025-03-24 13:08:32', 'Lars Larsen', 1);
INSERT INTO delegerbar_rettighed (id, arbejdsfunktion_id, rettighedskode_id, sidst_modificeret, sidst_modificeret_af, delegerbar) VALUES (73, 9, 21, '2025-03-24 13:08:32', 'Lars Larsen', 1);
INSERT INTO delegerbar_rettighed (id, arbejdsfunktion_id, rettighedskode_id, sidst_modificeret, sidst_modificeret_af, delegerbar) VALUES (74, 10, 21, '2025-03-24 13:08:32', 'Lars Larsen', 1);
INSERT INTO delegerbar_rettighed (id, arbejdsfunktion_id, rettighedskode_id, sidst_modificeret, sidst_modificeret_af, delegerbar) VALUES (75, 11, 21, '2025-03-24 13:08:32', 'Lars Larsen', 1);
INSERT INTO delegerbar_rettighed (id, arbejdsfunktion_id, rettighedskode_id, sidst_modificeret, sidst_modificeret_af, delegerbar) VALUES (76, 12, 21, '2025-03-24 13:08:32', 'Lars Larsen', 1);
INSERT INTO delegerbar_rettighed (id, arbejdsfunktion_id, rettighedskode_id, sidst_modificeret, sidst_modificeret_af, delegerbar) VALUES (77, 13, 21, '2025-03-24 13:08:32', 'Lars Larsen', 1);
INSERT INTO delegerbar_rettighed (id, arbejdsfunktion_id, rettighedskode_id, sidst_modificeret, sidst_modificeret_af, delegerbar) VALUES (78, 14, 21, '2025-03-24 13:08:32', 'Lars Larsen', 1);
INSERT INTO delegerbar_rettighed (id, arbejdsfunktion_id, rettighedskode_id, sidst_modificeret, sidst_modificeret_af, delegerbar) VALUES (79, 15, 21, '2025-03-24 13:08:32', 'Lars Larsen', 1);
INSERT INTO delegerbar_rettighed (id, arbejdsfunktion_id, rettighedskode_id, sidst_modificeret, sidst_modificeret_af, delegerbar) VALUES (80, 16, 21, '2025-03-24 13:08:32', 'Lars Larsen', 1);
INSERT INTO delegerbar_rettighed (id, arbejdsfunktion_id, rettighedskode_id, sidst_modificeret, sidst_modificeret_af, delegerbar) VALUES (81, 17, 21, '2025-03-24 13:08:32', 'Lars Larsen', 1);
INSERT INTO delegerbar_rettighed (id, arbejdsfunktion_id, rettighedskode_id, sidst_modificeret, sidst_modificeret_af, delegerbar) VALUES (82, 18, 21, '2025-03-24 13:08:32', 'Lars Larsen', 1);
INSERT INTO delegerbar_rettighed (id, arbejdsfunktion_id, rettighedskode_id, sidst_modificeret, sidst_modificeret_af, delegerbar) VALUES (83, 19, 21, '2025-03-24 13:08:32', 'Lars Larsen', 1);
INSERT INTO delegerbar_rettighed (id, arbejdsfunktion_id, rettighedskode_id, sidst_modificeret, sidst_modificeret_af, delegerbar) VALUES (84, 20, 21, '2025-03-24 13:08:32', 'Lars Larsen', 1);
INSERT INTO delegerbar_rettighed (id, arbejdsfunktion_id, rettighedskode_id, sidst_modificeret, sidst_modificeret_af, delegerbar) VALUES (85, 21, 21, '2025-03-24 13:08:32', 'Lars Larsen', 1);
INSERT INTO delegerbar_rettighed (id, arbejdsfunktion_id, rettighedskode_id, sidst_modificeret, sidst_modificeret_af, delegerbar) VALUES (86, 22, 21, '2025-03-24 13:08:32', 'Lars Larsen', 1);
INSERT INTO delegerbar_rettighed (id, arbejdsfunktion_id, rettighedskode_id, sidst_modificeret, sidst_modificeret_af, delegerbar) VALUES (87, 23, 22, '2025-03-24 13:08:34', 'Lars Larsen', 1);
INSERT INTO delegerbar_rettighed (id, arbejdsfunktion_id, rettighedskode_id, sidst_modificeret, sidst_modificeret_af, delegerbar) VALUES (88, 23, 23, '2025-03-24 13:08:34', 'Lars Larsen', 1);
INSERT INTO delegerbar_rettighed (id, arbejdsfunktion_id, rettighedskode_id, sidst_modificeret, sidst_modificeret_af, delegerbar) VALUES (89, 23, 24, '2025-03-24 13:08:34', 'Lars Larsen', 1);
INSERT INTO delegerbar_rettighed (id, arbejdsfunktion_id, rettighedskode_id, sidst_modificeret, sidst_modificeret_af, delegerbar) VALUES (90, 24, 22, '2025-03-24 13:08:34', 'Lars Larsen', 1);
INSERT INTO delegerbar_rettighed (id, arbejdsfunktion_id, rettighedskode_id, sidst_modificeret, sidst_modificeret_af, delegerbar) VALUES (91, 24, 23, '2025-03-24 13:08:34', 'Lars Larsen', 1);
INSERT INTO delegerbar_rettighed (id, arbejdsfunktion_id, rettighedskode_id, sidst_modificeret, sidst_modificeret_af, delegerbar) VALUES (92, 24, 24, '2025-03-24 13:08:34', 'Lars Larsen', 1);
INSERT INTO delegerbar_rettighed (id, arbejdsfunktion_id, rettighedskode_id, sidst_modificeret, sidst_modificeret_af, delegerbar) VALUES (93, 23, 26, '2025-03-24 13:08:34', 'Lars Larsen', 1);
INSERT INTO delegerbar_rettighed (id, arbejdsfunktion_id, rettighedskode_id, sidst_modificeret, sidst_modificeret_af, delegerbar) VALUES (94, 24, 26, '2025-03-24 13:08:34', 'Lars Larsen', 1);
INSERT INTO delegerbar_rettighed (id, arbejdsfunktion_id, rettighedskode_id, sidst_modificeret, sidst_modificeret_af, delegerbar) VALUES (95, 25, 26, '2025-03-24 13:08:34', 'Lars Larsen', 1);
